{
  "README.md": 1776458801.9319243,
  "conflict-files-obsidian-git.md": 1776468172.6908963,
  "CLAUDE.md": 1776468063.790817,
  "wiki/overview.md": 1776468027.5438335,
  "wiki/log.md": 1776468027.5439608,
  "wiki/index.md": 1776468027.5466163,
  "wiki/tools/litellm.md": 1776467938.102394,
  "wiki/tools/faiss.md": 1776458801.9357204,
  "wiki/kaggle/arc-prize-2025.md": 1776461413.8893507,
  "wiki/kaggle/stanford-rna-3d-folding.md": 1776461384.7658036,
  "wiki/kaggle/deep-past-akkadian-translation.md": 1776461326.4731407,
  "wiki/kaggle/hull-tactical-market-prediction.md": 1776461403.9131458,
  "wiki/kaggle/arc-agi-benchmarking.md": 1776460013.0800793,
  "wiki/kaggle/urban-flood-modelling.md": 1776461393.410658,
  "wiki/kaggle/motion-s-text-to-sign.md": 1776461341.630048,
  "wiki/comparisons/llm-wiki-vs-rag.md": 1776458801.9329832,
  "wiki/methodology/llm-wiki-pattern.md": 1776458801.934378,
  "wiki/methodology/cameron-wiki-setup.md": 1776458801.9342422,
  "wiki/open-questions/agentic-memory-retention-strategies.md": 1776458801.934715,
  "wiki/architectures/agentic-trading-system.md": 1776460864.839602,
  "wiki/architectures/provider-adapter-pattern.md": 1776467882.9456882,
  "wiki/models/clip.md": 1776458801.9345407,
  "wiki/models/byt5.md": 1776461373.3541107,
  "wiki/decisions/arc-agi-adapters-vs-litellm.md": 1776467882.9456987,
  "wiki/decisions/wiki-retention-policy.md": 1776460832.4580903,
  "wiki/decisions/sofascope-metadata-vs-embeddings.md": 1776458801.933377,
  "wiki/decisions/sofascope-persistent-service-stdin-stdout.md": 1776458801.9334817,
  "wiki/decisions/autotrader-decisions-log-retention.md": 1776460866.6777244,
  "wiki/decisions/autotrader-open-model-vs-frontier.md": 1776458801.9332669,
  "wiki/integrations/alpaca-api.md": 1776458801.9337764,
  "wiki/interview-prep/system-design-visual-search.md": 1776460870.2199335,
  "wiki/production-systems/sofascope.md": 1776467704.1354663,
  "wiki/benchmarks/arc-agi.md": 1776467723.119907,
  "wiki/people/andrej-karpathy.md": 1776458801.9349904,
  "wiki/trading/rsi-llm-signal-strategy.md": 1776458801.9360077,
  "wiki/trading/autotrader.md": 1776467789.8742704,
  "wiki/techniques/hybrid-search-routing.md": 1776458801.9354506,
  "wiki/techniques/llm-review-pass-before-rotation.md": 1776460857.9585683,
  "wiki/techniques/persistent-model-loading.md": 1776458801.9355552,
  "wiki/techniques/mbr-decoding.md": 1776461358.9803538,
  "wiki/techniques/clip-faiss-visual-search.md": 1776467696.5294025,
  "graphify-out/GRAPH_REPORT.md": 1776468307.6253083,
  "raw/repos/autotrader-readme.md": 1776458801.9322758,
  "raw/repos/arc-agi-benchmarking-readme.md": 1776458801.9321728,
  "raw/repos/sofascope-ai-powered-product-match-finder.md": 1776458801.9325218,
  "raw/repos/karpathy-llm-wiki-gist.md": 1776458801.9324095,
  "raw/kaggle/cameron-kaggle-profile.md": 1776461302.5404153
}