{
  "README.md": 1776458801.9319243,
  "CLAUDE.md": 1776458801.931816,
  "wiki/overview.md": 1776460094.3261273,
  "wiki/log.md": 1776460100.4827263,
  "wiki/index.md": 1776460082.793135,
  "wiki/tools/faiss.md": 1776458801.9357204,
  "wiki/comparisons/llm-wiki-vs-rag.md": 1776458801.9329832,
  "wiki/methodology/llm-wiki-pattern.md": 1776458801.934378,
  "wiki/methodology/cameron-wiki-setup.md": 1776458801.9342422,
  "wiki/open-questions/agentic-memory-retention-strategies.md": 1776458801.934715,
  "wiki/architectures/agentic-trading-system.md": 1776458801.9327884,
  "wiki/models/clip.md": 1776458801.9345407,
  "wiki/decisions/sofascope-metadata-vs-embeddings.md": 1776458801.933377,
  "wiki/decisions/sofascope-persistent-service-stdin-stdout.md": 1776458801.9334817,
  "wiki/decisions/autotrader-decisions-log-retention.md": 1776458801.9331563,
  "wiki/decisions/autotrader-open-model-vs-frontier.md": 1776458801.9332669,
  "wiki/integrations/alpaca-api.md": 1776458801.9337764,
  "wiki/interview-prep/system-design-visual-search.md": 1776458801.9339457,
  "wiki/production-systems/sofascope.md": 1776458801.9351594,
  "wiki/people/andrej-karpathy.md": 1776458801.9349904,
  "wiki/trading/rsi-llm-signal-strategy.md": 1776458801.9360077,
  "wiki/trading/autotrader.md": 1776458801.9358997,
  "wiki/techniques/hybrid-search-routing.md": 1776458801.9354506,
  "wiki/techniques/persistent-model-loading.md": 1776458801.9355552,
  "wiki/techniques/clip-faiss-visual-search.md": 1776458801.93534,
  "raw/repos/autotrader-readme.md": 1776458801.9322758,
  "raw/repos/arc-agi-benchmarking-readme.md": 1776458801.9321728,
  "raw/repos/sofascope-ai-powered-product-match-finder.md": 1776458801.9325218,
  "raw/repos/karpathy-llm-wiki-gist.md": 1776458801.9324095
}