{"D1":0.0,"D2":0.0,"D3":0.0,"D4":1.0,"D5":0.0,"D7":0.0,"D8":0.0,"D9":0.0,"M1":-0.8092533771,"M10":0.119819037,"M11":-0.285097987,"M12":0.4835745,"M13":-1.0918335064,"M14":-0.79136265,"M15":0.4933862434,"M16":0.0006613757,"M17":0.2237103174,"M18":0.7007275132,"M2":-0.020768034,"M3":-0.14435585,"M4":0.054151155,"M5":0.4074538797,"M6":-0.1383237314,"M7":-0.0425176755,"M8":0.4227843915,"M9":-0.1008845}